{
    "name": "root",
    "gauges": {
        "ButtonBone.Policy.Entropy.mean": {
            "value": 1.7058775424957275,
            "min": 1.627535343170166,
            "max": 2.889765739440918,
            "count": 764
        },
        "ButtonBone.Environment.EpisodeLength.mean": {
            "value": 199.0,
            "min": 5.0,
            "max": 199.0,
            "count": 618
        },
        "ButtonBone.Policy.ExtrinsicValueEstimate.mean": {
            "value": 6.117547035217285,
            "min": -0.39425724744796753,
            "max": 6.22134256362915,
            "count": 765
        },
        "ButtonBone.Environment.CumulativeReward.mean": {
            "value": 11.976038360595703,
            "min": -2.292181392200291,
            "max": 15.318433380126953,
            "count": 765
        },
        "ButtonBone.Policy.ExtrinsicReward.mean": {
            "value": 11.976038360595703,
            "min": -2.292181392200291,
            "max": 15.318433380126953,
            "count": 765
        },
        "ButtonBone.IsTraining.mean": {
            "value": 1.0,
            "min": 1.0,
            "max": 1.0,
            "count": 765
        },
        "ButtonBone.Losses.ValueLoss.mean": {
            "value": 0.6408035755157471,
            "min": 0.06114492565393448,
            "max": 0.8423048853874207,
            "count": 61
        },
        "ButtonBone.Losses.PolicyLoss.mean": {
            "value": 0.09617114812135696,
            "min": 0.09437157958745956,
            "max": 0.10794417560100555,
            "count": 61
        },
        "ButtonBone.Policy.LearningRate.mean": {
            "value": 7.186450238805264e-05,
            "min": 7.186450238805264e-05,
            "max": 0.00029621223802678287,
            "count": 61
        },
        "ButtonBone.Policy.Epsilon.mean": {
            "value": 0.12395478785037994,
            "min": 0.12395478785037994,
            "max": 0.19873741269111633,
            "count": 61
        },
        "ButtonBone.Policy.Beta.mean": {
            "value": 0.00024715258041396737,
            "min": 0.00024715258041396737,
            "max": 0.0009875003015622497,
            "count": 61
        }
    },
    "metadata": {
        "timer_format_version": "0.1.0",
        "start_time_seconds": "1691001298",
        "python_version": "3.7.16 (default, Jan 17 2023, 16:06:28) [MSC v.1916 64 bit (AMD64)]",
        "command_line_arguments": "D:\\anaconda3\\envs\\ml-agents\\Scripts\\mlagents-learn config.yaml --run-id=default_run",
        "mlagents_version": "0.18.0",
        "mlagents_envs_version": "0.18.0",
        "communication_protocol_version": "1.0.0",
        "tensorflow_version": "2.2.0",
        "end_time_seconds": "1691001590"
    },
    "total": 291.88803790000003,
    "count": 1,
    "self": 0.00467759999997952,
    "children": {
        "run_training.setup": {
            "total": 0.009337299999999882,
            "count": 1,
            "self": 0.009337299999999882
        },
        "TrainerController.start_learning": {
            "total": 291.874023,
            "count": 1,
            "self": 15.574191200001508,
            "children": {
                "TrainerController._reset_env": {
                    "total": 10.194083599999999,
                    "count": 1,
                    "self": 10.194083599999999
                },
                "TrainerController.advance": {
                    "total": 265.9350714999985,
                    "count": 23815,
                    "self": 0.3424258999978633,
                    "children": {
                        "env_step": {
                            "total": 265.59264560000065,
                            "count": 23815,
                            "self": 246.8315137999986,
                            "children": {
                                "SubprocessEnvManager._take_step": {
                                    "total": 18.444610900002406,
                                    "count": 23815,
                                    "self": 0.8822164000036992,
                                    "children": {
                                        "NNPolicy.evaluate": {
                                            "total": 17.562394499998707,
                                            "count": 21377,
                                            "self": 17.562394499998707
                                        }
                                    }
                                },
                                "workers": {
                                    "total": 0.31652089999965227,
                                    "count": 23814,
                                    "self": 0.0,
                                    "children": {
                                        "worker_root": {
                                            "total": 280.64386759999974,
                                            "count": 23814,
                                            "is_parallel": true,
                                            "self": 104.52530079999974,
                                            "children": {
                                                "steps_from_proto": {
                                                    "total": 0.0005124999999992497,
                                                    "count": 1,
                                                    "is_parallel": true,
                                                    "self": 0.000230699999999473,
                                                    "children": {
                                                        "_process_vector_observation": {
                                                            "total": 0.0002817999999997767,
                                                            "count": 2,
                                                            "is_parallel": true,
                                                            "self": 0.0002817999999997767
                                                        }
                                                    }
                                                },
                                                "UnityEnvironment.step": {
                                                    "total": 176.1180543,
                                                    "count": 23814,
                                                    "is_parallel": true,
                                                    "self": 3.678572800001831,
                                                    "children": {
                                                        "UnityEnvironment._generate_step_input": {
                                                            "total": 5.395469800001523,
                                                            "count": 23814,
                                                            "is_parallel": true,
                                                            "self": 5.395469800001523
                                                        },
                                                        "communicator.exchange": {
                                                            "total": 156.60193119999605,
                                                            "count": 23814,
                                                            "is_parallel": true,
                                                            "self": 156.60193119999605
                                                        },
                                                        "steps_from_proto": {
                                                            "total": 10.442080500000595,
                                                            "count": 23814,
                                                            "is_parallel": true,
                                                            "self": 4.813469499999847,