{
    "name": "root",
    "gauges": {
        "ButtonBone.Policy.Entropy.mean": {
            "value": 2.6339197158813477,
            "min": 2.624706268310547,
            "max": 2.8901116847991943,
            "count": 340
        },
        "ButtonBone.Environment.EpisodeLength.mean": {
            "value": 399.0,
            "min": 8.0,
            "max": 399.0,
            "count": 222
        },
        "ButtonBone.Policy.ExtrinsicValueEstimate.mean": {
            "value": 42.28561019897461,
            "min": -0.5127871632575989,
            "max": 43.400238037109375,
            "count": 341
        },
        "ButtonBone.Policy.GAILValueEstimate.mean": {
            "value": 4.886572360992432,
            "min": -0.11198009550571442,
            "max": 12.76696491241455,
            "count": 341
        },
        "ButtonBone.Environment.CumulativeReward.mean": {
            "value": 1337.72021484375,
            "min": -6.916037559509277,
            "max": 1385.9639282226562,
            "count": 341
        },
        "ButtonBone.Policy.ExtrinsicReward.mean": {
            "value": 1337.72021484375,
            "min": -6.916037559509277,
            "max": 1385.9639282226562,
            "count": 341
        },
        "ButtonBone.Policy.GAILReward.mean": {
            "value": 28.74331545829773,
            "min": 0.0,
            "max": 176.81023025512695,
            "count": 341
        },
        "ButtonBone.IsTraining.mean": {
            "value": 1.0,
            "min": 1.0,
            "max": 1.0,
            "count": 341
        },
        "ButtonBone.Losses.ValueLoss.mean": {
            "value": 9137.3544921875,
            "min": 56.1964225769043,
            "max": 9137.3544921875,
            "count": 27
        },
        "ButtonBone.Losses.PolicyLoss.mean": {
            "value": 0.09982547163963318,
            "min": 0.09799623489379883,
            "max": 0.1066090315580368,
            "count": 27
        },
        "ButtonBone.Policy.LearningRate.mean": {
            "value": 0.00020126825256738812,
            "min": 0.00020126825256738812,
            "max": 0.0002963285951409489,
            "count": 27
        },
        "ButtonBone.Policy.Epsilon.mean": {
            "value": 0.16708941757678986,
            "min": 0.16708941757678986,
            "max": 0.1987762153148651,
            "count": 27
        },
        "ButtonBone.Policy.Beta.mean": {
            "value": 0.0006741852848790586,
            "min": 0.0006741852848790586,
            "max": 0.0009878844721242785,
            "count": 27
        },
        "ButtonBone.Losses.GAILLoss.mean": {
            "value": 0.5381301641464233,
            "min": 0.5316731929779053,
            "max": 2.3764841556549072,
            "count": 27
        },
        "ButtonBone.Policy.GAILPolicyEstimate.mean": {
            "value": 0.2018585205078125,
            "min": 0.17953424155712128,
            "max": 0.4277019798755646,
            "count": 27
        },
        "ButtonBone.Policy.GAILExpertEstimate.mean": {
            "value": 0.8382282853126526,
            "min": 0.5639697313308716,
            "max": 0.8407674431800842,
            "count": 27
        },
        "ButtonBone.Losses.PretrainingLoss.mean": {
            "value": 0.9852010607719421,
            "min": 0.7769624590873718,
            "max": 0.996695339679718,
            "count": 27
        }
    },
    "metadata": {
        "timer_format_version": "0.1.0",
        "start_time_seconds": "1690986895",
        "python_version": "3.7.16 (default, Jan 17 2023, 16:06:28) [MSC v.1916 64 bit (AMD64)]",
        "command_line_arguments": "D:\\anaconda3\\envs\\ml-agents\\Scripts\\mlagents-learn config.yaml --run-id=default_run",
        "mlagents_version": "0.18.0",
        "mlagents_envs_version": "0.18.0",
        "communication_protocol_version": "1.0.0",
        "tensorflow_version": "2.2.0",
        "end_time_seconds": "1690987080"
    },
    "total": 185.5413406,
    "count": 1,
    "self": 0.005242299999991928,
    "children": {
        "run_training.setup": {
            "total": 0.008752100000000151,
            "count": 1,
            "self": 0.008752100000000151
        },
        "TrainerController.start_learning": {
            "total": 185.5273462,
            "count": 1,
            "self": 18.78536999999912,
            "children": {
                "TrainerController._reset_env": {
                    "total": 17.112351200000003,
                    "count": 1,
                    "self": 17.112351200000003
                },
                "demo_to_buffer": {
                    "total": 0.07132740000000126,
                    "count": 2,
                    "self": 0.00018630000000285918,
                    "children": {
                        "load_demonstration": {
                            "total": 0.0016155999999973858,
                            "count": 2,
                            "self": 0.001539899999997374,
                            "children": {
                                "read_file": {
                                    "total": 7.570000000001187e-05,
                                    "count": 2,
                                    "self": 7.570000000001187e-05
                                }
                            }
                        },
                        "make_demo_buffer": {
                            "total": 0.06952550000000102,
                            "count": 2,
                            "self": 0.01389260000005521,
                            "children": {
                                "steps_from_proto": {
                                    "total": 0.055632899999945806,
                                    "count": 492,
                                    "self": 0.0402795999998915,
                                    "children": {
                                        "_process_vector_observation": {
                                            "total": 0.015353300000054304,
                                            "count": 984,
                                            "self": 0.015353300000054304
                                        }
                                    }
                                }
                            }
                        }
                    }
                },
                "TrainerController.advance": {
                    "total": 149.1053970000009,
                    "count": 10523,
                    "self": 0.16786240000024577,
                    "children": {
                        "env_step": {
                            "total": 148.93753460000065,
                            "count": 10523,
                            "self": 137.9759000000024,
                            "children": {
                                "SubprocessEnvManager._take_step": {
                                    "total": 10.805124700000441,
                                    "count": 10523,
                                    "self": 0.4293720000010417,
                                    "children": {
                                        "NNPolicy.evaluate": {
                                            "total": 10.3757526999994,
                                            "count": 9714,
                                            "self": 10.3757526999994
                                        }
                                    }
                                },
                                "workers": {
                                    "total": 0.15650989999780052,
                                    "count": 10522,
                                    "self": 0.0,
                                    "children": {
                                        "worker_root": {
                                            "total": 166.3508652999998,
                                            "count": 10522,