{
    "name": "root",
    "gauges": {
        "ButtonBone.Policy.Entropy.mean": {
            "value": 1.1662946939468384,
            "min": 1.1662946939468384,
            "max": 2.8300695419311523,
            "count": 32
        },
        "ButtonBone.Policy.ExtrinsicValueEstimate.mean": {
            "value": -0.34240299463272095,
            "min": -0.5363664627075195,
            "max": -0.1787499189376831,
            "count": 32
        },
        "ButtonBone.Policy.GAILValueEstimate.mean": {
            "value": 19.31856918334961,
            "min": 6.820600509643555,
            "max": 26.094593048095703,
            "count": 32
        },
        "ButtonBone.Losses.ValueLoss.mean": {
            "value": 2.7343242168426514,
            "min": 1.527366280555725,
            "max": 43.198856353759766,
            "count": 32
        },
        "ButtonBone.Losses.PolicyLoss.mean": {
            "value": 0.04550926759839058,
            "min": 0.03986285999417305,
            "max": 0.049217112362384796,
            "count": 32
        },
        "ButtonBone.Policy.LearningRate.mean": {
            "value": 0.00026219632127322257,
            "min": 0.00026219632127322257,
            "max": 0.00029937835643067956,
            "count": 32
        },
        "ButtonBone.Policy.Epsilon.mean": {
            "value": 0.1873987764120102,
            "min": 0.1873987764120102,
            "max": 0.1997928023338318,
            "count": 32
        },
        "ButtonBone.Policy.Beta.mean": {
            "value": 0.0008752479334361851,
            "min": 0.0008752479334361851,
            "max": 0.0009979484602808952,
            "count": 32
        },
        "ButtonBone.Losses.GAILLoss.mean": {
            "value": 0.7447816133499146,
            "min": 0.7348366975784302,
            "max": 4.27739953994751,
            "count": 32
        },
        "ButtonBone.Policy.GAILPolicyEstimate.mean": {
            "value": 0.2738953232765198,
            "min": 0.26820725202560425,
            "max": 0.43918576836586,
            "count": 32
        },
        "ButtonBone.Policy.GAILExpertEstimate.mean": {
            "value": 0.7665597796440125,
            "min": 0.5997056365013123,
            "max": 0.7694504857063293,
            "count": 32
        },
        "ButtonBone.Losses.PretrainingLoss.mean": {
            "value": 0.5070878863334656,
            "min": 0.5070878863334656,
            "max": 0.7487391233444214,
            "count": 32
        },
        "ButtonBone.Environment.EpisodeLength.mean": {
            "value": 98.33023255813953,
            "min": 68.52767527675277,
            "max": 151.73949579831933,
            "count": 32
        },
        "ButtonBone.Environment.CumulativeReward.mean": {
            "value": -0.4521005023691234,
            "min": -0.631760031230409,
            "max": -0.07300637819540945,
            "count": 32
        },
        "ButtonBone.Policy.ExtrinsicReward.mean": {
            "value": -0.4521005023691234,
            "min": -0.631760031230409,
            "max": -0.07300637819540945,
            "count": 32
        },
        "ButtonBone.Policy.GAILReward.mean": {
            "value": 17.25922243428175,
            "min": 14.94868105160494,
            "max": 49.30584998466387,
            "count": 32
        },
        "ButtonBone.IsTraining.mean": {
            "value": 1.0,
            "min": 1.0,
            "max": 1.0,
            "count": 32
        }
    },
    "metadata": {
        "timer_format_version": "0.1.0",
        "start_time_seconds": "1690990713",
        "python_version": "3.7.16 (default, Jan 17 2023, 16:06:28) [MSC v.1916 64 bit (AMD64)]",
        "command_line_arguments": "D:\\anaconda3\\envs\\ml-agents\\Scripts\\mlagents-learn config.yaml --run-id=default_run",
        "mlagents_version": "0.18.0",
        "mlagents_envs_version": "0.18.0",
        "communication_protocol_version": "1.0.0",
        "tensorflow_version": "2.2.0",
        "end_time_seconds": "1690991021"
    },
    "total": 308.2175997,
    "count": 1,
    "self": 0.004871799999989435,
    "children": {
        "run_training.setup": {
            "total": 0.008358300000000263,
            "count": 1,
            "self": 0.008358300000000263
        },
        "TrainerController.start_learning": {
            "total": 308.2043696,
            "count": 1,
            "self": 19.97976120000351,
            "children": {
                "TrainerController._reset_env": {
                    "total": 13.171953600000002,
                    "count": 1,
                    "self": 13.171953600000002
                },
                "demo_to_buffer": {
                    "total": 0.19560880000000225,
                    "count": 2,
                    "self": 0.0004865000000044972,
                    "children": {
                        "load_demonstration": {
                            "total": 0.004016599999999926,
                            "count": 2,
                            "self": 0.0039119999999996935,
                            "children": {
                                "read_file": {
                                    "total": 0.00010460000000023228,
                                    "count": 2,
                                    "self": 0.00010460000000023228
                                }
                            }
                        },
                        "make_demo_buffer": {
                            "total": 0.19110569999999782,
                            "count": 2,
                            "self": 0.03696039999996614,
                            "children": {
                                "steps_from_proto": {
                                    "total": 0.15414530000003168,
                                    "count": 1292,
                                    "self": 0.11297269999998605,
                                    "children": {
                                        "_process_vector_observation": {
                                            "total": 0.041172600000045634,
                                            "count": 2584,
                                            "self": 0.041172600000045634
                                        }
                                    }
                                }
                            }
                        }
                    }
                },
                "TrainerController.advance": {
                    "total": 274.47917529999654,
                    "count": 23266,
                    "self": 0.3434770999938337,
                    "children": {
                        "env_step": {
                            "total": 274.1356982000027,
                            "count": 23266,
                            "self": 256.5429855000038,
                            "children": {
                                "SubprocessEnvManager._take_step": {
                                    "total": 17.28553930000108,
                                    "count": 23266,
                                    "self": 0.8088892000031223,
                                    "children": {
                                        "NNPolicy.evaluate": {
                                            "total": 16.476650099997958,
                                            "count": 17977,
                                            "self": 16.476650099997958
                                        }
                                    }
                                },
                                "workers": {
                                    "total": 0.30717339999782567,
                                    "count": 23265,
                                    "self": 0.0,
                                    "children": {
                                        "worker_root": {
                                            "total": 293.63202830000085,