{
    "name": "root",
    "metadata": {
        "timer_format_version": "0.1.0",
        "start_time_seconds": "1690878630",
        "python_version": "3.7.16 (default, Jan 17 2023, 16:06:28) [MSC v.1916 64 bit (AMD64)]",
        "command_line_arguments": "D:\\anaconda3\\envs\\ml-agents\\Scripts\\mlagents-learn config.yaml --resume",
        "mlagents_version": "0.18.0",
        "mlagents_envs_version": "0.18.0",
        "communication_protocol_version": "1.0.0",
        "tensorflow_version": "2.2.0",
        "end_time_seconds": "1690878646"
    },
    "total": 15.795999100000001,
    "count": 1,
    "self": 0.2985917000000011,
    "children": {
        "run_training.setup": {
            "total": 0.007332400000000128,
            "count": 1,
            "self": 0.007332400000000128
        },
        "TrainerController.start_learning": {
            "total": 15.490075000000001,
            "count": 1,
            "self": 1.0438614000000044,
            "children": {
                "TrainerController._reset_env": {
                    "total": 14.2499663,
                    "count": 1,
                    "self": 14.2499663
                },
                "TrainerController.advance": {
                    "total": 0.05168739999999872,
                    "count": 1,
                    "self": 1.5999999998683734e-05,
                    "children": {
                        "env_step": {
                            "total": 0.051671400000000034,
                            "count": 1,
                            "self": 0.01505329999999816,
                            "children": {
                                "SubprocessEnvManager._take_step": {
                                    "total": 0.036605300000001506,
                                    "count": 1,
                                    "self": 5.410000000338755e-05,
                                    "children": {
                                        "NNPolicy.evaluate": {
                                            "total": 0.03655119999999812,
                                            "count": 1,
                                            "self": 0.03655119999999812
                                        }
                                    }
                                },
                                "workers": {
                                    "total": 1.2800000000368073e-05,
                                    "count": 1,
                                    "self": 0.0,
                                    "children": {
                                        "worker_root": {
                                            "total": 0.9464746999999996,
                                            "count": 1,
                                            "is_parallel": true,
                                            "self": 0.932701999999999,
                                            "children": {
                                                "steps_from_proto": {
                                                    "total": 0.0006236000000008346,
                                                    "count": 1,
                                                    "is_parallel": true,
                                                    "self": 0.0001581000000001609,
                                                    "children": {
                                                        "_process_vector_observation": {
                                                            "total": 0.0004655000000006737,
                                                            "count": 2,
                                                            "is_parallel": true,
                                                            "self": 0.0004655000000006737
                                                        }
                                                    }
                                                },
                                                "UnityEnvironment.step": {
                                                    "total": 0.013149099999999692,
                                                    "count": 1,
                                                    "is_parallel": true,
                                                    "self": 0.00012810000000129662,
                                                    "children": {
                                                        "UnityEnvironment._generate_step_input": {
                                                            "total": 0.0006465000000002163,
                                                            "count": 1,
                                                            "is_parallel": true,
                                                            "self": 0.0006465000000002163
                                                        },
                                                        "communicator.exchange": {
                                                            "total": 0.012097299999998867,
                                                            "count": 1,
                                                            "is_parallel": true,
                                                            "self": 0.012097299999998867
                                                        },
                                                        "steps_from_proto": {
                                                            "total": 0.00027719999999931133,
                                                            "count": 1,
                                                            "is_parallel": true,
                                                            "self": 0.0001249999999988205,
                                                            "children": {
                                                                "_process_vector_observation": {
                                                                    "total": 0.00015220000000049083,
                                                                    "count": 2,
                                                                    "is_parallel": true,
                                                                    "self": 0.00015220000000049083
                                                                }
                                                            }
                                                        }
                                                    }
                                                }
                                            }
                                        }
                                    }
                                }
                            }
                        }
                    }
                },
                "trainer_threads": {
                    "total": 1.6099999999852344e-05,
                    "count": 1,
                    "self": 1.6099999999852344e-05,
                    "children": {
                        "thread_root": {
                            "total": 0.0,
                            "count": 0,
                            "is_parallel": true,
                            "self": 0.0,
                            "children": {
                                "trainer_advance": {
                                    "total": 0.055122700000001856,
                                    "count": 4,
                                    "is_parallel": true,
                                    "self": 0.00017750000000305022,
                                    "children": {
                                        "process_trajectory": {
                                            "total": 0.054945199999998806,
                                            "count": 4,
                                            "is_parallel": true,