{
    "name": "root",
    "gauges": {
        "Dog.Policy.Entropy.mean": {
            "value": 1.2521820068359375,
            "min": 1.2521820068359375,
            "max": 1.4189382791519165,
            "count": 239
        },
        "Dog.Environment.EpisodeLength.mean": {
            "value": 12.078947368421053,
            "min": 11.325,
            "max": 23.261904761904763,
            "count": 239
        },
        "Dog.Policy.ExtrinsicValueEstimate.mean": {
            "value": 0.9299973845481873,
            "min": 0.032344527542591095,
            "max": 0.9306678175926208,
            "count": 239
        },
        "Dog.Environment.CumulativeReward.mean": {
            "value": 1.0,
            "min": 0.02127659574468085,
            "max": 1.0,
            "count": 239
        },
        "Dog.Policy.ExtrinsicReward.mean": {
            "value": 1.0,
            "min": 0.02127659574468085,
            "max": 1.0,
            "count": 239
        },
        "Dog.IsTraining.mean": {
            "value": 1.0,
            "min": 1.0,
            "max": 1.0,
            "count": 239
        },
        "Dog.Losses.ValueLoss.mean": {
            "value": 0.0017995670204982162,
            "min": 0.0017995670204982162,
            "max": 0.11833301186561584,
            "count": 19
        },
        "Dog.Losses.PolicyLoss.mean": {
            "value": 0.10024942457675934,
            "min": 0.09612173587083817,
            "max": 0.10409504920244217,
            "count": 19
        },
        "Dog.Policy.LearningRate.mean": {
            "value": 7.182108674896881e-05,
            "min": 7.182108674896881e-05,
            "max": 0.00028799197752960026,
            "count": 19
        },
        "Dog.Policy.Epsilon.mean": {
            "value": 0.12394033372402191,
            "min": 0.12394033372402191,
            "max": 0.19599735736846924,
            "count": 19
        },
        "Dog.Policy.Beta.mean": {
            "value": 0.00024700930225662887,
            "min": 0.00024700930225662887,
            "max": 0.0009603736107237637,
            "count": 19
        }
    },
    "metadata": {
        "timer_format_version": "0.1.0",
        "start_time_seconds": "1690835523",
        "python_version": "3.7.16 (default, Jan 17 2023, 16:06:28) [MSC v.1916 64 bit (AMD64)]",
        "command_line_arguments": "D:\\anaconda3\\envs\\ml-agents\\Scripts\\mlagents-learn config.yaml",
        "mlagents_version": "0.18.0",
        "mlagents_envs_version": "0.18.0",
        "communication_protocol_version": "1.0.0",
        "tensorflow_version": "2.2.0",
        "end_time_seconds": "1690837703"
    },
    "total": 2179.1772573999997,
    "count": 1,
    "self": 0.004038499999751366,
    "children": {
        "run_training.setup": {
            "total": 0.008179999999999854,
            "count": 1,
            "self": 0.008179999999999854
        },
        "TrainerController.start_learning": {
            "total": 2179.1650389,
            "count": 1,
            "self": 57.95828639993897,
            "children": {
                "TrainerController._reset_env": {
                    "total": 35.3494681,
                    "count": 1,
                    "self": 35.3494681
                },
                "TrainerController.advance": {
                    "total": 2085.6734833000605,
                    "count": 251836,
                    "self": 3.4221000000670756,
                    "children": {
                        "env_step": {
                            "total": 2082.2513832999934,
                            "count": 251836,
                            "self": 1941.280958700018,
                            "children": {
                                "SubprocessEnvManager._take_step": {
                                    "total": 137.73512099998095,
                                    "count": 251836,
                                    "self": 5.830667300051317,
                                    "children": {
                                        "NNPolicy.evaluate": {
                                            "total": 131.90445369992963,
                                            "count": 239931,
                                            "self": 131.90445369992963
                                        }
                                    }
                                },
                                "workers": {
                                    "total": 3.2353035999945234,
                                    "count": 251835,
                                    "self": 0.0,
                                    "children": {
                                        "worker_root": {
                                            "total": 2136.7473918999517,
                                            "count": 251835,
                                            "is_parallel": true,
                                            "self": 428.0849999998659,
                                            "children": {
                                                "steps_from_proto": {
                                                    "total": 0.0002631999999991308,
                                                    "count": 1,
                                                    "is_parallel": true,
                                                    "self": 8.76000000005206e-05,
                                                    "children": {
                                                        "_process_vector_observation": {
                                                            "total": 0.0001755999999986102,
                                                            "count": 2,
                                                            "is_parallel": true,
                                                            "self": 0.0001755999999986102
                                                        }
                                                    }
                                                },
                                                "UnityEnvironment.step": {
                                                    "total": 1708.6621287000858,
                                                    "count": 251835,
                                                    "is_parallel": true,
                                                    "self": 19.691781899955004,
                                                    "children": {
                                                        "UnityEnvironment._generate_step_input": {
                                                            "total": 14.714045400058744,
                                                            "count": 251835,
                                                            "is_parallel": true,
                                                            "self": 14.714045400058744
                                                        },
                                                        "communicator.exchange": {
                                                            "total": 1627.4169128000365,
                                                            "count": 251835,
                                                            "is_parallel": true,
                                                            "self": 1627.4169128000365
                                                        },
                                                        "steps_from_proto": {
                                                            "total": 46.839388600035605,
                                                            "count": 251835,
                                                            "is_parallel": true,
                                                            "self": 22.628896299884573,