{"count":1,"self":92.1361792,"total":398.608653,"children":{"InitializeSensors":{"count":64,"self":0.0015815999999999998,"total":0.0015815999999999998,"children":null},"AgentSendState":{"count":78184,"self":4.8467176,"total":20.3224728,"children":{"CollectObservations":{"count":1000768,"self":1.8378865999999998,"total":1.8378865999999998,"children":null},"CollectDiscreteActionMasks":{"count":1000768,"self":0.86841779999999991,"total":0.86841779999999991,"children":null},"RequestDecision":{"count":1000768,"self":6.1933812,"total":12.7694507,"children":{"AgentInfo.ToProto":{"count":1000768,"self":3.0517634,"total":6.5760694,"children":{"GenerateSensorData":{"count":1000768,"self":3.5243059999999997,"total":3.5243059999999997,"children":null}}}}}}},"DecideAction":{"count":78184,"self":279.2128,"total":279.2128049,"children":null},"AgentAct":{"count":78184,"self":6.2630355999999994,"total":6.9324346,"children":{"AgentInfo.ToProto":{"count":40171,"self":0.29265209999999997,"total":0.669399,"children":{"GenerateSensorData":{"count":40171,"self":0.3767469,"total":0.3767469,"children":null}}}}},"AgentInfo.ToProto":{"count":104,"self":0.0015781,"total":0.0026812,"children":{"GenerateSensorData":{"count":104,"self":0.0011030999999999999,"total":0.0011030999999999999,"children":null}}}},"gauges":{"Dog.CumulativeReward":{"count":40275,"max":1.998,"min":-1,"runningAverage":0.8970888,"value":0.914,"weightedAverage":0.9770307}},"metadata":{"timer_format_version":"0.1.0","start_time_seconds":"1690883080","unity_version":"2018.4.36f1","command_line_arguments":"D:\\Program Files\\Unity\\Editor\\Unity.exe -projectpath E:\\UnityProjects\\TestAI -useHub -hubIPC -cloudEnvironment production -licensingIpc LicenseClient-Lenovo -hubSessionId eabae4a0-2da3-11ee-99bf-87a4c3b5e40e -accessToken VqCLS92qQxFKJK2tBM_cayaRXDvw7a52zYn2dHgZi5U01ef","communication_protocol_version":"1.0.0","com.unity.ml-agents_version":"1.2.0-preview","scene_name":"TrainScene","end_time_seconds":"1690883478"}}