{"count":1,"self":486.65026559999995,"total":1351.7698532,"children":{"InitializeSensors":{"count":36,"self":0.0025035,"total":0.0025035,"children":null},"AgentSendState":{"count":424817,"self":17.3340896,"total":190.7413509,"children":{"CollectObservations":{"count":3058704,"self":4.8083652,"total":4.8083651,"children":null},"CollectDiscreteActionMasks":{"count":3058704,"self":2.5267,"total":2.5267001,"children":null},"RequestDecision":{"count":3058704,"self":25.287649599999998,"total":166.07219659999998,"children":{"AgentInfo.ToProto":{"count":3058704,"self":11.341868,"total":140.784547,"children":{"GenerateSensorData":{"count":3058704,"self":27.6348672,"total":129.44267879999998,"children":{"RayPerceptionSensor.Perceive":{"count":3058704,"self":101.8078144,"total":101.807812,"children":null}}}}}}}}},"DecideAction":{"count":424817,"self":668.164352,"total":668.16433239999992,"children":null},"AgentAct":{"count":424817,"self":5.8530891999999994,"total":5.8530891,"children":null},"AgentInfo.ToProto":{"count":3649,"self":0.043049699999999996,"total":0.3568844,"children":{"GenerateSensorData":{"count":3649,"self":0.0676655,"total":0.31383469999999997,"children":{"RayPerceptionSensor.Perceive":{"count":3649,"self":0.24616919999999998,"total":0.24616919999999998,"children":null}}}}}},"gauges":{"FlappyDog.CumulativeReward":{"count":3649,"max":315.184784,"min":1.75999808,"runningAverage":81.80549,"value":123.551109,"weightedAverage":165.4602}},"metadata":{"timer_format_version":"0.1.0","start_time_seconds":"1691076264","unity_version":"2018.4.36f1","command_line_arguments":"D:\\Program Files\\Unity\\Editor\\Unity.exe -projectpath E:\\UnityProjects\\TestAI -useHub -hubIPC -cloudEnvironment production -licensingIpc LicenseClient-Lenovo -hubSessionId c97e57b0-3210-11ee-9661-bd3b8f877038 -accessToken 4GpBvsJggi1x6dGq2-e-iqj9I3ttCR6HMum_yzv5zyE01ef","communication_protocol_version":"1.0.0","com.unity.ml-agents_version":"1.2.0-preview","scene_name":"train","end_time_seconds":"1691077616"}}