{
    "name": "root",
    "gauges": {
        "ButtonBone.Policy.Entropy.mean": {
            "value": 1.7866263389587402,
            "min": 1.7337316274642944,
            "max": 2.8896846771240234,
            "count": 996
        },
        "ButtonBone.Environment.EpisodeLength.mean": {
            "value": 199.0,
            "min": 51.0,
            "max": 199.0,
            "count": 887
        },
        "ButtonBone.Policy.ExtrinsicValueEstimate.mean": {
            "value": 1.0127044916152954,
            "min": -0.4268759787082672,
            "max": 2.437934398651123,
            "count": 1000
        },
        "ButtonBone.Policy.GAILValueEstimate.mean": {
            "value": 1.9592974185943604,
            "min": -0.36044248938560486,
            "max": 6.182422637939453,
            "count": 1000
        },
        "ButtonBone.Environment.CumulativeReward.mean": {
            "value": 0.6303453185994711,
            "min": -3.2483553290367126,
            "max": 7.013754749298096,
            "count": 1000
        },
        "ButtonBone.Policy.ExtrinsicReward.mean": {
            "value": 0.6303453185994711,
            "min": -3.2483553290367126,
            "max": 7.013754749298096,
            "count": 1000
        },
        "ButtonBone.Policy.GAILReward.mean": {
            "value": 1.2614475243857928,
            "min": 0.0,
            "max": 15.291707038879395,
            "count": 1000
        },
        "ButtonBone.IsTraining.mean": {
            "value": 1.0,
            "min": 1.0,
            "max": 1.0,
            "count": 1000
        },
        "ButtonBone.Losses.ValueLoss.mean": {
            "value": 1.1022955179214478,
            "min": 0.12486401200294495,
            "max": 2.0765655040740967,
            "count": 82
        },
        "ButtonBone.Losses.PolicyLoss.mean": {
            "value": 0.09964505583047867,
            "min": 0.08984290063381195,
            "max": 0.10873129963874817,
            "count": 82
        },
        "ButtonBone.Policy.LearningRate.mean": {
            "value": 1.2816949492844287e-06,
            "min": 1.2816949492844287e-06,
            "max": 0.0002961377613246441,
            "count": 82
        },
        "ButtonBone.Policy.Epsilon.mean": {
            "value": 0.10042721033096313,
            "min": 0.10042721033096313,
            "max": 0.19871260225772858,
            "count": 82
        },
        "ButtonBone.Policy.Beta.mean": {
            "value": 1.4229262887965888e-05,
            "min": 1.4229262887965888e-05,
            "max": 0.0009872548980638385,
            "count": 82
        },
        "ButtonBone.Losses.GAILLoss.mean": {
            "value": 0.47797951102256775,
            "min": 0.46749332547187805,
            "max": 4.207210063934326,
            "count": 82
        },
        "ButtonBone.Policy.GAILPolicyEstimate.mean": {
            "value": 0.14170807600021362,
            "min": 0.1277586817741394,
            "max": 0.385211706161499,
            "count": 82
        },
        "ButtonBone.Policy.GAILExpertEstimate.mean": {
            "value": 0.8817310929298401,
            "min": 0.6480022668838501,
            "max": 0.8939853310585022,
            "count": 82
        },
        "ButtonBone.Losses.PretrainingLoss.mean": {
            "value": 0.5743946433067322,
            "min": 0.5743946433067322,
            "max": 0.7795935273170471,
            "count": 82
        }
    },
    "metadata": {
        "timer_format_version": "0.1.0",
        "start_time_seconds": "1691002558",
        "python_version": "3.7.16 (default, Jan 17 2023, 16:06:28) [MSC v.1916 64 bit (AMD64)]",
        "command_line_arguments": "D:\\anaconda3\\envs\\ml-agents\\Scripts\\mlagents-learn config.yaml --run-id=qifa",
        "mlagents_version": "0.18.0",
        "mlagents_envs_version": "0.18.0",
        "communication_protocol_version": "1.0.0",
        "tensorflow_version": "2.2.0",
        "end_time_seconds": "1691003089"
    },
    "total": 531.2686403,
    "count": 1,
    "self": 0.33725939999999355,
    "children": {
        "run_training.setup": {
            "total": 0.009351099999999946,
            "count": 1,
            "self": 0.009351099999999946
        },
        "TrainerController.start_learning": {
            "total": 530.9220298,
            "count": 1,
            "self": 34.05341650000355,
            "children": {
                "TrainerController._reset_env": {
                    "total": 11.5269625,
                    "count": 1,
                    "self": 11.5269625
                },
                "demo_to_buffer": {
                    "total": 0.14341340000000002,
                    "count": 2,
                    "self": 0.0003994000000009379,
                    "children": {
                        "load_demonstration": {
                            "total": 0.002217899999999773,
                            "count": 2,
                            "self": 0.0021132000000001483,
                            "children": {
                                "read_file": {
                                    "total": 0.00010469999999962454,
                                    "count": 2,
                                    "self": 0.00010469999999962454
                                }
                            }
                        },
                        "make_demo_buffer": {
                            "total": 0.1407960999999993,
                            "count": 2,
                            "self": 0.028609399999945495,
                            "children": {
                                "steps_from_proto": {
                                    "total": 0.11218670000005382,
                                    "count": 1080,
                                    "self": 0.08101770000000741,
                                    "children": {
                                        "_process_vector_observation": {
                                            "total": 0.03116900000004641,
                                            "count": 2160,
                                            "self": 0.03116900000004641
                                        }
                                    }
                                }
                            }
                        }
                    }
                },
                "TrainerController.advance": {
                    "total": 484.9458541999965,
                    "count": 31779,
                    "self": 0.5015204999945126,
                    "children": {
                        "env_step": {
                            "total": 484.444333700002,
                            "count": 31779,
                            "self": 455.370527499999,
                            "children": {
                                "SubprocessEnvManager._take_step": {
                                    "total": 28.610619800001338,
                                    "count": 31779,
                                    "self": 1.2443291999996902,
                                    "children": {
                                        "NNPolicy.evaluate": {
                                            "total": 27.366290600001648,
                                            "count": 27882,
                                            "self": 27.366290600001648
                                        }
                                    }
                                },
                                "workers": {
                                    "total": 0.46318640000164635,
                                    "count": 31779,
                                    "self": 0.0,
                                    "children": {
                                        "worker_root": {
                                            "total": 517.9670995000055,
                                            "count": 31779,