{
    "name": "root",
    "gauges": {
        "FlappyDog.Policy.Entropy.mean": {
            "value": 0.4444751441478729,
            "min": 0.26316773891448975,
            "max": 1.5323677062988281,
            "count": 7898
        },
        "FlappyDog.IsTraining.mean": {
            "value": 1.0,
            "min": 1.0,
            "max": 1.0,
            "count": 7991
        },
        "FlappyDog.Policy.ExtrinsicValueEstimate.mean": {
            "value": 9.946208953857422,
            "min": -0.10988575220108032,
            "max": 10.029369354248047,
            "count": 7990
        },
        "FlappyDog.Losses.ValueLoss.mean": {
            "value": 0.27998414635658264,
            "min": 0.0005352271837182343,
            "max": 1.4814808368682861,
            "count": 633
        },
        "FlappyDog.Losses.PolicyLoss.mean": {
            "value": 0.09584176540374756,
            "min": 0.07844296097755432,
            "max": 0.10550448298454285,
            "count": 633
        },
        "FlappyDog.Policy.LearningRate.mean": {
            "value": 0.0002221233444288373,
            "min": 0.0002221233444288373,
            "max": 0.0002698789176065475,
            "count": 633
        },
        "FlappyDog.Policy.Epsilon.mean": {
            "value": 0.17404113709926605,
            "min": 0.17404113709926605,
            "max": 0.1899596005678177,
            "count": 633
        },
        "FlappyDog.Policy.Beta.mean": {
            "value": 0.0007430070545524359,
            "min": 0.0007430070545524359,
            "max": 0.0009006002219393849,
            "count": 633
        },
        "FlappyDog.Environment.EpisodeLength.mean": {
            "value": 3807.0,
            "min": 33.0,
            "max": 18053.0,
            "count": 1340
        },
        "FlappyDog.Environment.CumulativeReward.mean": {
            "value": 379.7200469970703,
            "min": 2.7599992752075195,
            "max": 1804.3202738761902,
            "count": 1429
        },
        "FlappyDog.Policy.ExtrinsicReward.mean": {
            "value": 379.7200469970703,
            "min": 2.7599992752075195,
            "max": 1804.3202738761902,
            "count": 1429
        }
    },
    "metadata": {
        "timer_format_version": "0.1.0",
        "start_time_seconds": "1691070174",
        "python_version": "3.7.16 (default, Jan 17 2023, 16:06:28) [MSC v.1916 64 bit (AMD64)]",
        "command_line_arguments": "D:\\anaconda3\\envs\\ml-agents\\Scripts\\mlagents-learn config.yaml --run-id=default_run --resume",
        "mlagents_version": "0.18.0",
        "mlagents_envs_version": "0.18.0",
        "communication_protocol_version": "1.0.0",
        "tensorflow_version": "2.2.0",
        "end_time_seconds": "1691074342"
    },
    "total": 4168.3366185,
    "count": 1,
    "self": 0.004201199999442906,
    "children": {
        "run_training.setup": {
            "total": 0.008614600000000028,
            "count": 1,
            "self": 0.008614600000000028
        },
        "TrainerController.start_learning": {
            "total": 4168.323802700001,
            "count": 1,
            "self": 188.69577280000794,
            "children": {
                "TrainerController._reset_env": {
                    "total": 34.2968517,
                    "count": 1,
                    "self": 34.2968517
                },
                "TrainerController.advance": {
                    "total": 3945.1457971999926,
                    "count": 223711,
                    "self": 3.728941099945132,
                    "children": {
                        "env_step": {
                            "total": 3941.4168561000474,
                            "count": 223711,
                            "self": 3717.687305100184,
                            "children": {
                                "SubprocessEnvManager._take_step": {
                                    "total": 220.3510931998551,
                                    "count": 223711,
                                    "self": 10.114042799961197,
                                    "children": {
                                        "NNPolicy.evaluate": {
                                            "total": 210.2370503998939,
                                            "count": 222504,
                                            "self": 210.2370503998939
                                        }
                                    }
                                },
                                "workers": {
                                    "total": 3.3784578000086256,
                                    "count": 223710,
                                    "self": 0.0,
                                    "children": {
                                        "worker_root": {
                                            "total": 4125.57867439987,
                                            "count": 223710,
                                            "is_parallel": true,
                                            "self": 1213.4651717999604,
                                            "children": {
                                                "steps_from_proto": {
                                                    "total": 0.0007816999999974428,
                                                    "count": 1,
                                                    "is_parallel": true,
                                                    "self": 0.00024539999999717566,
                                                    "children": {
                                                        "_process_vector_observation": {
                                                            "total": 0.0005363000000002671,
                                                            "count": 4,
                                                            "is_parallel": true,
                                                            "self": 0.0005363000000002671
                                                        }
                                                    }
                                                },
                                                "UnityEnvironment.step": {
                                                    "total": 2912.112720899909,
                                                    "count": 223710,
                                                    "is_parallel": true,
                                                    "self": 66.2205208998671,
                                                    "children": {
                                                        "UnityEnvironment._generate_step_input": {
                                                            "total": 74.16621070000278,
                                                            "count": 223710,
                                                            "is_parallel": true,
                                                            "self": 74.16621070000278
                                                        },
                                                        "communicator.exchange": {
                                                            "total": 2579.3869775000353,
                                                            "count": 223710,
                                                            "is_parallel": true,
                                                            "self": 2579.3869775000353
                                                        },
                                                        "steps_from_proto": {
                                                            "total": 192.33901180000407,
                                                            "count": 223710,
                                                            "is_parallel": true,